fuente,detalle,desde,hasta,tipo,oficial,reponderado,publicado,link
Di Tella (González Rozada),Inflación 2024 con ponderaciones ENGHo 2017/18,2023-12,2024-12,anual,117.8,133.6,2025-01,https://www.utdt.edu/ver_nota_prensa.php?id_nota_prensa=22547&id_item_menu=6
CEPA,Acumulada nov-23 a nov-25 reponderando por capítulos,2023-11,2025-11,acumulada,249.5,288.2,2025-12,https://centrocepa.com.ar/documentos/informes/733-controversias-y-cuestionamientos-metodologicos-en-el-indec-bajo-la-presidencia-de-javier-milei
Gobierno (Ministerio de Economía),Diciembre 2025 con la metodología nueva,2025-11,2025-12,mensual,2.8,2.9,2026-02,https://www.iprofesional.com/economia/447499-ipc-e-inflacion-economia-frena-nueva-base-del-indec-y-evalua-una-nueva-encuesta-de-gastos
Equilibra,Enero 2026 con ponderaciones 2017/18,2025-12,2026-01,mensual,2.9,2.8,2026-02,https://www.diariodecuyo.com.ar/argentina/tras-la-polemica-del-indec-de-cuanto-habria-sido-la-inflacion-de-enero-con-la-formula-que-no-se-aplico-1831379.html
LCG,Enero 2026 con ponderaciones 2017/18,2025-12,2026-01,mensual,2.9,2.8,2026-02,https://www.diariodecuyo.com.ar/argentina/tras-la-polemica-del-indec-de-cuanto-habria-sido-la-inflacion-de-enero-con-la-formula-que-no-se-aplico-1831379.html
Econviews,Enero 2026 con ponderaciones 2017/18,2025-12,2026-01,mensual,2.9,2.7,2026-02,https://www.diariodecuyo.com.ar/argentina/tras-la-polemica-del-indec-de-cuanto-habria-sido-la-inflacion-de-enero-con-la-formula-que-no-se-aplico-1831379.html
Romano Group,Enero 2026 con ponderaciones 2017/18,2025-12,2026-01,mensual,2.9,2.8,2026-02,https://www.diariodecuyo.com.ar/argentina/tras-la-polemica-del-indec-de-cuanto-habria-sido-la-inflacion-de-enero-con-la-formula-que-no-se-aplico-1831379.html
Qualy,Acumulada desde la asunción con ponderaciones 2017/18,2023-11,2026-07,acumulada,328.8,344.3,2026-08,https://www.conclusion.com.ar/politica/economia/la-inflacion-acumulada-seria-15-puntos-mayor-si-el-gobierno-hubiera-aplicado-la-nueva-medicion-prevista-para-principios-de-ano/08/2026/
Qualy,Julio 2026 con ponderaciones 2017/18,2026-06,2026-07,mensual,2.11,2.14,2026-08,https://www.conclusion.com.ar/politica/economia/la-inflacion-acumulada-seria-15-puntos-mayor-si-el-gobierno-hubiera-aplicado-la-nueva-medicion-prevista-para-principios-de-ano/08/2026/
