fecha,variacion_mensual,fuente
2014-01-01,3.7,"INDEC, informe IPCNu de enero 2014: variación mensual publicada, redondeada a un decimal"
2014-02-01,3.417,"https://www.indec.gob.ar/uploads/informesdeprensa/ipcnu_03_14.pdf (índices 106,53 y 110,17)"
2014-03-01,2.596,"https://www.indec.gob.ar/uploads/informesdeprensa/ipcnu_05_14.pdf (índice 113,03)"
2014-04-01,1.787,"https://www.indec.gob.ar/uploads/informesdeprensa/ipcnu_05_14.pdf (índice 115,05)"
2014-05-01,1.4,"INDEC, informe IPCNu de mayo 2014: variación mensual publicada, redondeada a un decimal"
2014-06-01,1.3,"INDEC, informe IPCNu de junio 2014: variación mensual publicada, redondeada a un decimal"
2014-07-01,1.4,"INDEC, informe IPCNu de julio 2014: variación mensual publicada, redondeada a un decimal"
2014-08-01,1.3,"INDEC, informe IPCNu de agosto 2014: variación mensual publicada, redondeada a un decimal"
2014-09-01,1.4,"INDEC, informe IPCNu de septiembre 2014: variación mensual publicada, redondeada a un decimal"
2014-10-01,1.2,"INDEC, informe IPCNu de octubre 2014: variación mensual publicada, redondeada a un decimal"
2014-11-01,1.1,"INDEC, informe IPCNu de noviembre 2014: variación mensual publicada, redondeada a un decimal"
2014-12-01,0.998,"https://www.indec.gob.ar/uploads/informesdeprensa/ipcnu_01_15.pdf (índice 113,38)"
2015-01-01,1.129,"https://www.indec.gob.ar/uploads/informesdeprensa/ipcnu_03_15.pdf (índice 114,66)"
2015-02-01,0.933,"https://www.indec.gob.ar/uploads/informesdeprensa/ipcnu_03_15.pdf (índice 115,73)"
2015-03-01,1.322,"https://www.indec.gob.ar/uploads/informesdeprensa/ipcnu_05_15.pdf (índice 117,26)"
2015-04-01,1.143,"https://www.indec.gob.ar/uploads/informesdeprensa/ipcnu_05_15.pdf (índice 118,6)"
2015-05-01,1.029,"https://www.indec.gob.ar/uploads/informesdeprensa/ipcnu_07_15.pdf (índice 119,82)"
2015-06-01,0.968,"https://www.indec.gob.ar/uploads/informesdeprensa/ipcnu_07_15.pdf (índice 120,98)"
2015-07-01,1.331,"https://www.indec.gob.ar/uploads/informesdeprensa/ipcnu_09_15.pdf (índice 122,59)"
2015-08-01,1.175,"https://www.indec.gob.ar/uploads/informesdeprensa/ipcnu_09_15.pdf (índice 124,03)"
2015-09-01,1.177,"https://www.indec.gob.ar/uploads/informesdeprensa/ipcnu_11_15.pdf (índice 125,49)"
2015-10-01,1.108,"https://www.indec.gob.ar/uploads/informesdeprensa/ipcnu_11_15.pdf (índice 126,88)"
