anio,variacion,meses,nota,fuente
2007,8.5,12,IPC GBA,https://lanacion.com.ar/economia/la-inflacion-oficial-fue-del-85-en-2007-nid976957
2008,7.2,12,IPC GBA,https://www.df.cl/internacional/inflacion-oficial-en-argentina-fue-de-7-2-en-2008
2009,7.7,12,IPC GBA,https://www.ellitoral.com/economia/inflacion-354-6-2008_0_VdKsJU5WIc.html
2010,10.9,12,IPC GBA,https://www.ellitoral.com/economia/inflacion-354-6-2008_0_VdKsJU5WIc.html
2011,9.5,12,IPC GBA,https://www.ellitoral.com/economia/inflacion-354-6-2008_0_VdKsJU5WIc.html
2012,10.8,12,IPC GBA,https://www.ellitoral.com/economia/inflacion-354-6-2008_0_VdKsJU5WIc.html
2013,10.9,12,IPC GBA,https://www.ellitoral.com/economia/inflacion-354-6-2008_0_VdKsJU5WIc.html
2014,23.9,12,IPCNu (nacional urbano),https://www.diariodecuyo.com.ar/noticias/indec-la-inflacion-del-2014-fue-de-239-590026.html
2015,11.9,10,IPCNu enero-octubre (después se suspendió),https://www.diariodecuyo.com.ar/noticias/segun-el-indec-la-inflacion-fue-del-11-en-octubre-620783.html
