fecha,indice
2007-01-01,22.031248
2007-02-01,22.284217
2007-03-01,22.541448
2007-04-01,22.963121
2007-05-01,23.461652
2007-06-01,23.982013
2007-07-01,24.695097
2007-08-01,25.534067
2007-09-01,26.189442
2007-10-01,26.815823
2007-11-01,26.958435
2007-12-01,27.20326
2008-01-01,27.520911
2008-02-01,28.205934
2008-03-01,29.292245
2008-04-01,30.277553
2008-05-01,30.815329
2008-06-01,31.442025
2008-07-01,31.919796
2008-08-01,32.276106
2008-09-01,32.724638
2008-10-01,32.996119
2008-11-01,33.260822
2008-12-01,33.445548
2009-01-01,33.733512
2009-02-01,33.913779
2009-03-01,34.437965
2009-04-01,34.905198
2009-05-01,35.112365
2009-06-01,35.285614
2009-07-01,35.611972
2009-08-01,36.133642
2009-09-01,36.494871
2009-10-01,37.06212
2009-11-01,37.532946
2009-12-01,38.430407
2010-01-01,39.247603
2010-02-01,40.587627
2010-03-01,41.643223
2010-04-01,42.458837
2010-05-01,43.105845
2010-06-01,43.627212
2010-07-01,44.21818
2010-08-01,44.792987
2010-09-01,45.30069
2010-10-01,46.458684
2010-11-01,47.507657
2010-12-01,48.419145
2011-01-01,49.155423
2011-02-01,49.8683
2011-03-01,51.016261
2011-04-01,52.105437
2011-05-01,52.905665
2011-06-01,53.621609
2011-07-01,54.659594
2011-08-01,55.700834
2011-09-01,56.715813
2011-10-01,57.289437
2011-11-01,58.287258
2011-12-01,59.336135
2012-01-01,60.123244
2012-02-01,60.830679
2012-03-01,62.52471
2012-04-01,64.198076
2012-05-01,65.243764
2012-06-01,66.345107
2012-07-01,68.947557
2012-08-01,70.389987
2012-09-01,71.56361
2012-10-01,72.637722
2012-11-01,74.044895
2012-12-01,75.388933
2013-01-01,77.062676
2013-02-01,78.070912
2013-03-01,79.230222
2013-04-01,80.724708
2013-05-01,81.969862
2013-06-01,83.60417
2013-07-01,85.724134
2013-08-01,87.533921
2013-09-01,89.398681
2013-10-01,91.429234
2013-11-01,93.63592
2013-12-01,95.833483
2014-01-01,100.0
2014-02-01,104.881092
2014-03-01,108.517482
2014-04-01,111.556421
2014-05-01,114.17664
2014-06-01,116.572624
2014-07-01,118.994415
2014-08-01,121.537384
2014-09-01,124.493038
2014-10-01,126.950423
2014-11-01,129.384357
2014-12-01,131.349297
2015-01-01,133.640467
2015-02-01,135.746041
2015-03-01,137.964479
2015-04-01,141.099687
2015-05-01,144.04532
2015-06-01,145.954217
2015-07-01,149.082786
2015-08-01,152.095996
2015-09-01,154.783053
2015-10-01,157.374899
2015-11-01,160.380829
2015-12-01,167.635812
2016-01-01,174.647849
2016-02-01,181.113506
2016-03-01,186.689579
2016-04-01,197.1071
2016-05-01,205.980286
2016-06-01,212.510715
2016-07-01,217.267661
2016-08-01,216.417692
2016-09-01,219.022031
2016-10-01,225.044019
2016-11-01,228.716383
2016-12-01,231.703194
2017-01-01,236.168125
2017-02-01,241.380766
2017-03-01,248.217538
2017-04-01,253.764028
2017-05-01,258.341731
2017-06-01,262.026231
2017-07-01,266.644773
2017-08-01,270.789468
2017-09-01,275.044331
2017-10-01,278.984243
2017-11-01,282.802168
2017-12-01,291.409391
2018-01-01,296.169808
2018-02-01,303.98746
2018-03-01,310.515533
2018-04-01,319.582917
2018-05-01,327.424806
2018-06-01,339.511694
2018-07-01,349.448037
2018-08-01,362.323943
2018-09-01,384.940049
2018-10-01,405.396093
2018-11-01,417.676935
2018-12-01,427.74677
