division,GBA,Pampeana,Noreste,Noroeste,Cuyo,Patagonia
Alimentos y bebidas no alcohólicas,23.4,28.6,35.3,34.7,28.4,27.4
Bebidas alcohólicas y tabaco,3.3,3.8,3.6,3.1,3.6,3.5
Prendas de vestir y calzado,8.5,10.4,11.6,12.4,11.4,12.8
"Vivienda, agua, electricidad, gas y otros combustibles",10.5,8.7,8.1,7.0,8.9,10.1
Equipamiento y mantenimiento del hogar,6.3,6.3,7.8,6.1,6.3,6.5
Salud,8.8,8.2,5.3,6.3,7.4,5.0
Transporte,11.6,10.4,9.6,8.4,12.1,13.4
Comunicación,2.8,2.9,2.8,2.6,2.5,3.2
Recreación y cultura,7.5,7.4,6.2,5.9,6.7,7.8
Educación,3.0,1.6,1.4,2.0,2.2,2.1
Restaurantes y hoteles,10.8,8.1,5.0,8.0,6.8,5.1
Bienes y servicios varios,3.6,3.6,3.3,3.4,3.6,3.1
_peso_region,44.7,34.2,4.5,6.9,5.2,4.6
